{"0.9568526778371784":{"user_id":1},"0.8236112169645007":{"user_id":1},"0.869134499644618":{"user_id":1},"0.8569600397271513":{"user_id":1},"0.6489339320783198":{"user_id":1}}